presumably,據推測，大概，可能
(adverb) • used to say what you think is the likely situation
e.g., They can presumably afford to buy a bigger apartment.

elaborate,精心計劃（或製作）的；詳盡的；複雜的
(adjective) • containing a lot of careful detail or many detailed parts • containing a lot of connected parts or many complicated details
(verb) • to add more information to or explain something that you have said • to add more information or explain something that you have said
e.g., You want a plain blouse to go with that skirt - nothing too elaborate.
e.g., elaborate on The congresswoman said she was resigning; but refused to elaborate on her reasons for doing so.

alleviate,減輕；緩和，緩解
(verb) • to make something bad such as pain or problems less severe • to make pain or problems less severe
e.g., The drugs did nothing to alleviate her pain/suffering.

congestion,擁擠，阻塞
(noun) • a situation in which a place is too blocked or crowded; causing difficulties • a situation in which there is too much traffic and movement is difficult
e.g., These facilities are designed to ease the congestion of emergency rooms.

